"Timestamp","  Technical Background (您的背景)  ","On a scale of 1 to 5, how accurately does the generated intent describe the functionality of the web page? (在1到5的范围内，生成的意图在多大程度上准确描述了网页的功能？) ","  On a scale of 1 to 5, how clear and understandable is the generated intent? (在1到5的范围内，生成的意图在多大程度上清晰易懂？)  ","  Does the generated intent capture all key elements and functionalities of the web page? (生成的意图是否涵盖了网页的所有关键元素和功能？)  ","  On a scale of 1 to 5, how would you rate the overall quality of the generated intent? (在1到5的范围内，您如何评价生成的意图的整体质量？)  "
"2024/07/13 1:00:54 PM GMT+8","Technical (e.g., software tester, web developer) (技术背景，例如软件测试人员，网页开发人员)1","5","5","Yes (是)","5"
"2024/07/13 1:01:16 PM GMT+8","Technical (e.g., software tester, web developer) (技术背景，例如软件测试人员，网页开发人员)1","5","5","Yes (是)","5"
"2024/07/13 1:01:28 PM GMT+8","Non-technical (e.g., regular web user) (非技术背景，例如普通网页用户)","5","5","Yes (是)","5"
"2024/07/13 1:01:42 PM GMT+8","Technical (e.g., software tester, web developer) (技术背景，例如软件测试人员，网页开发人员)1","5","5","Yes (是)","5"
"2024/07/13 1:01:54 PM GMT+8","Technical (e.g., software tester, web developer) (技术背景，例如软件测试人员，网页开发人员)1","5","5","Yes (是)","5"
"2024/07/13 1:45:17 PM GMT+8","Technical (e.g., software tester, web developer) (技术背景，例如软件测试人员，网页开发人员)1","5","5","Yes (是)","5"
"2024/07/13 1:45:36 PM GMT+8","Non-technical (e.g., regular web user) (非技术背景，例如普通网页用户)","5","5","Yes (是)","5"
"2024/07/13 1:45:53 PM GMT+8","Non-technical (e.g., regular web user) (非技术背景，例如普通网页用户)","5","5","Yes (是)","5"
"2024/07/13 1:46:10 PM GMT+8","Technical (e.g., software tester, web developer) (技术背景，例如软件测试人员，网页开发人员)1","5","5","Yes (是)","5"
"2024/07/13 1:46:28 PM GMT+8","Technical (e.g., software tester, web developer) (技术背景，例如软件测试人员，网页开发人员)1","5","5","Yes (是)","5"
"2024/07/13 1:46:46 PM GMT+8","Technical (e.g., software tester, web developer) (技术背景，例如软件测试人员，网页开发人员)1","5","5","Yes (是)","5"
"2024/07/13 1:47:03 PM GMT+8","Non-technical (e.g., regular web user) (非技术背景，例如普通网页用户)","5","5","Yes (是)","5"
"2024/07/13 1:47:21 PM GMT+8","Technical (e.g., software tester, web developer) (技术背景，例如软件测试人员，网页开发人员)1","5","5","Yes (是)","5"
"2024/07/13 1:48:11 PM GMT+8","Non-technical (e.g., regular web user) (非技术背景，例如普通网页用户)","5","5","Yes (是)","5"
"2024/07/13 1:48:44 PM GMT+8","Non-technical (e.g., regular web user) (非技术背景，例如普通网页用户)","5","5","Yes (是)","5"
"2024/07/14 1:17:48 PM GMT+8","Technical (e.g., software tester, web developer) (技术背景，例如软件测试人员，网页开发人员)1","5","5","Yes (是)","5"
"2024/07/14 1:17:59 PM GMT+8","Technical (e.g., software tester, web developer) (技术背景，例如软件测试人员，网页开发人员)1","5","5","Yes (是)","5"
"2024/07/14 1:18:11 PM GMT+8","Technical (e.g., software tester, web developer) (技术背景，例如软件测试人员，网页开发人员)1","5","5","Yes (是)","5"
"2024/07/14 1:18:21 PM GMT+8","Technical (e.g., software tester, web developer) (技术背景，例如软件测试人员，网页开发人员)1","5","5","Yes (是)","5"
"2024/07/14 1:18:31 PM GMT+8","Technical (e.g., software tester, web developer) (技术背景，例如软件测试人员，网页开发人员)1","5","5","Yes (是)","5"
"2024/07/14 1:18:40 PM GMT+8","Technical (e.g., software tester, web developer) (技术背景，例如软件测试人员，网页开发人员)1","5","5","Yes (是)","5"
"2024/07/14 1:18:51 PM GMT+8","Technical (e.g., software tester, web developer) (技术背景，例如软件测试人员，网页开发人员)1","5","5","Yes (是)","5"
"2024/07/14 1:19:03 PM GMT+8","Technical (e.g., software tester, web developer) (技术背景，例如软件测试人员，网页开发人员)1","5","5","Yes (是)","5"
"2024/07/14 1:19:21 PM GMT+8","Technical (e.g., software tester, web developer) (技术背景，例如软件测试人员，网页开发人员)1","5","5","Yes (是)","5"
"2024/07/14 1:19:32 PM GMT+8","Technical (e.g., software tester, web developer) (技术背景，例如软件测试人员，网页开发人员)1","5","5","Yes (是)","5"
"2024/07/14 1:20:10 PM GMT+8","Technical (e.g., software tester, web developer) (技术背景，例如软件测试人员，网页开发人员)1","5","5","Yes (是)","5"
"2024/07/14 1:20:21 PM GMT+8","Technical (e.g., software tester, web developer) (技术背景，例如软件测试人员，网页开发人员)1","5","5","Yes (是)","5"
"2024/07/14 1:20:32 PM GMT+8","Technical (e.g., software tester, web developer) (技术背景，例如软件测试人员，网页开发人员)1","5","","Yes (是)","5"
"2024/07/14 1:20:43 PM GMT+8","Technical (e.g., software tester, web developer) (技术背景，例如软件测试人员，网页开发人员)1","5","5","Yes (是)","5"
"2024/07/14 1:20:53 PM GMT+8","Technical (e.g., software tester, web developer) (技术背景，例如软件测试人员，网页开发人员)1","5","5","Yes (是)","5"
"2024/07/14 1:21:04 PM GMT+8","Technical (e.g., software tester, web developer) (技术背景，例如软件测试人员，网页开发人员)1","5","5","Yes (是)","5"
"2024/07/14 1:21:14 PM GMT+8","Technical (e.g., software tester, web developer) (技术背景，例如软件测试人员，网页开发人员)1","5","5","Yes (是)","5"
"2024/07/14 1:21:27 PM GMT+8","Technical (e.g., software tester, web developer) (技术背景，例如软件测试人员，网页开发人员)1","5","5","Yes (是)","5"
"2024/07/14 1:21:38 PM GMT+8","Technical (e.g., software tester, web developer) (技术背景，例如软件测试人员，网页开发人员)1","5","5","Yes (是)","5"
"2024/07/14 1:21:49 PM GMT+8","Technical (e.g., software tester, web developer) (技术背景，例如软件测试人员，网页开发人员)1","5","5","Yes (是)","5"
"2024/07/14 1:22:00 PM GMT+8","Technical (e.g., software tester, web developer) (技术背景，例如软件测试人员，网页开发人员)1","5","5","Yes (是)","5"
"2024/07/14 1:22:13 PM GMT+8","Technical (e.g., software tester, web developer) (技术背景，例如软件测试人员，网页开发人员)1","5","5","Yes (是)","5"
"2024/07/14 1:24:12 PM GMT+8","Technical (e.g., software tester, web developer) (技术背景，例如软件测试人员，网页开发人员)1","5","5","Yes (是)","5"
"2024/07/14 1:24:25 PM GMT+8","Technical (e.g., software tester, web developer) (技术背景，例如软件测试人员，网页开发人员)1","5","5","Yes (是)","5"
"2024/07/14 1:24:37 PM GMT+8","Technical (e.g., software tester, web developer) (技术背景，例如软件测试人员，网页开发人员)1","5","5","Yes (是)","5"
"2024/07/14 1:25:17 PM GMT+8","Technical (e.g., software tester, web developer) (技术背景，例如软件测试人员，网页开发人员)1","5","5","Yes (是)","5"
"2024/07/14 1:25:36 PM GMT+8","Non-technical (e.g., regular web user) (非技术背景，例如普通网页用户)","5","5","Yes (是)","5"
"2024/07/14 1:28:04 PM GMT+8","Non-technical (e.g., regular web user) (非技术背景，例如普通网页用户)","5","5","Yes (是)","5"
"2024/07/14 1:28:15 PM GMT+8","Non-technical (e.g., regular web user) (非技术背景，例如普通网页用户)","5","5","Yes (是)","5"
"2024/07/14 1:28:27 PM GMT+8","Non-technical (e.g., regular web user) (非技术背景，例如普通网页用户)","5","5","Yes (是)","5"
"2024/07/14 1:28:39 PM GMT+8","Non-technical (e.g., regular web user) (非技术背景，例如普通网页用户)","5","5","Yes (是)","5"
"2024/07/14 1:28:51 PM GMT+8","Non-technical (e.g., regular web user) (非技术背景，例如普通网页用户)","5","5","Yes (是)","5"
"2024/07/14 1:29:04 PM GMT+8","Non-technical (e.g., regular web user) (非技术背景，例如普通网页用户)","5","5","Yes (是)","5"
"2024/07/14 1:29:18 PM GMT+8","Non-technical (e.g., regular web user) (非技术背景，例如普通网页用户)","5","5","Yes (是)","5"
"2024/07/14 1:29:30 PM GMT+8","Non-technical (e.g., regular web user) (非技术背景，例如普通网页用户)","5","5","Yes (是)","5"