"Timestamp","  Technical Background (您的背景)  ","On a scale of 1 to 5, how accurately does the generated intent describe the functionality of the web page? (在1到5的范围内，生成的意图在多大程度上准确描述了网页的功能？) ","  On a scale of 1 to 5, how clear and understandable is the generated intent? (在1到5的范围内，生成的意图在多大程度上清晰易懂？)  ","  Does the generated intent capture all key elements and functionalities of the web page? (生成的意图是否涵盖了网页的所有关键元素和功能？)  ","  On a scale of 1 to 5, how would you rate the overall quality of the generated intent? (在1到5的范围内，您如何评价生成的意图的整体质量？)  "
"2024/07/13 12:53:45 PM GMT+8","Technical (e.g., software tester, web developer) (技术背景，例如软件测试人员，网页开发人员)1","5","5","Yes (是)","5"
"2024/07/13 12:54:06 PM GMT+8","Non-technical (e.g., regular web user) (非技术背景，例如普通网页用户)","5","5","Yes (是)","5"
"2024/07/13 12:54:30 PM GMT+8","Technical (e.g., software tester, web developer) (技术背景，例如软件测试人员，网页开发人员)1","5","5","Yes (是)","5"
"2024/07/13 12:54:47 PM GMT+8","Technical (e.g., software tester, web developer) (技术背景，例如软件测试人员，网页开发人员)1","5","5","Yes (是)","5"
"2024/07/13 12:55:14 PM GMT+8","Non-technical (e.g., regular web user) (非技术背景，例如普通网页用户)","5","4","Yes (是)","5"
"2024/07/13 12:55:35 PM GMT+8","Non-technical (e.g., regular web user) (非技术背景，例如普通网页用户)","5","5","Yes (是)","5"
"2024/07/13 12:56:08 PM GMT+8","Technical (e.g., software tester, web developer) (技术背景，例如软件测试人员，网页开发人员)1","5","5","Yes (是)","5"
"2024/07/13 12:56:34 PM GMT+8","Non-technical (e.g., regular web user) (非技术背景，例如普通网页用户)","5","5","Yes (是)","5"
"2024/07/13 12:57:31 PM GMT+8","Technical (e.g., software tester, web developer) (技术背景，例如软件测试人员，网页开发人员)1","5","5","Yes (是)","5"
"2024/07/14 1:45:09 PM GMT+8","Technical (e.g., software tester, web developer) (技术背景，例如软件测试人员，网页开发人员)1","5","5","Yes (是)","5"
"2024/07/14 1:45:19 PM GMT+8","Technical (e.g., software tester, web developer) (技术背景，例如软件测试人员，网页开发人员)1","5","5","Yes (是)","5"
"2024/07/14 1:45:32 PM GMT+8","Technical (e.g., software tester, web developer) (技术背景，例如软件测试人员，网页开发人员)1","5","5","Yes (是)","5"
"2024/07/14 1:45:44 PM GMT+8","Technical (e.g., software tester, web developer) (技术背景，例如软件测试人员，网页开发人员)1","5","5","Yes (是)","5"
"2024/07/14 1:45:57 PM GMT+8","Technical (e.g., software tester, web developer) (技术背景，例如软件测试人员，网页开发人员)1","5","5","Yes (是)","5"
"2024/07/14 1:46:08 PM GMT+8","Technical (e.g., software tester, web developer) (技术背景，例如软件测试人员，网页开发人员)1","5","5","Yes (是)","5"
"2024/07/14 1:46:18 PM GMT+8","Technical (e.g., software tester, web developer) (技术背景，例如软件测试人员，网页开发人员)1","5","5","Yes (是)","5"
"2024/07/14 1:46:29 PM GMT+8","Technical (e.g., software tester, web developer) (技术背景，例如软件测试人员，网页开发人员)1","5","5","Yes (是)",""
"2024/07/14 1:46:52 PM GMT+8","Technical (e.g., software tester, web developer) (技术背景，例如软件测试人员，网页开发人员)1","5","4","Yes (是)","5"
"2024/07/14 1:47:18 PM GMT+8","Technical (e.g., software tester, web developer) (技术背景，例如软件测试人员，网页开发人员)1","5","5","Yes (是)","5"
"2024/07/14 1:47:31 PM GMT+8","Technical (e.g., software tester, web developer) (技术背景，例如软件测试人员，网页开发人员)1","5","5","Yes (是)","5"
"2024/07/14 1:47:41 PM GMT+8","Technical (e.g., software tester, web developer) (技术背景，例如软件测试人员，网页开发人员)1","5","5","Yes (是)","5"
"2024/07/14 1:47:54 PM GMT+8","Technical (e.g., software tester, web developer) (技术背景，例如软件测试人员，网页开发人员)1","5","5","Yes (是)","5"
"2024/07/14 1:48:10 PM GMT+8","Technical (e.g., software tester, web developer) (技术背景，例如软件测试人员，网页开发人员)1","5","5","Yes (是)","5"
"2024/07/14 1:48:22 PM GMT+8","Technical (e.g., software tester, web developer) (技术背景，例如软件测试人员，网页开发人员)1","5","5","Yes (是)","5"
"2024/07/14 1:48:33 PM GMT+8","Technical (e.g., software tester, web developer) (技术背景，例如软件测试人员，网页开发人员)1","5","5","Yes (是)","5"
"2024/07/14 1:48:48 PM GMT+8","Technical (e.g., software tester, web developer) (技术背景，例如软件测试人员，网页开发人员)1","5","5","Yes (是)","5"
"2024/07/14 1:49:00 PM GMT+8","Technical (e.g., software tester, web developer) (技术背景，例如软件测试人员，网页开发人员)1","5","5","Yes (是)","5"
"2024/07/14 1:49:15 PM GMT+8","Technical (e.g., software tester, web developer) (技术背景，例如软件测试人员，网页开发人员)1","5","5","Yes (是)","5"
"2024/07/14 1:49:27 PM GMT+8","Technical (e.g., software tester, web developer) (技术背景，例如软件测试人员，网页开发人员)1","5","5","Yes (是)","5"
"2024/07/14 1:49:40 PM GMT+8","Technical (e.g., software tester, web developer) (技术背景，例如软件测试人员，网页开发人员)1","5","5","Yes (是)","5"
"2024/07/14 1:50:08 PM GMT+8","Technical (e.g., software tester, web developer) (技术背景，例如软件测试人员，网页开发人员)1","5","5","Yes (是)","5"
"2024/07/14 1:50:25 PM GMT+8","Technical (e.g., software tester, web developer) (技术背景，例如软件测试人员，网页开发人员)1","5","5","Yes (是)","5"
"2024/07/14 1:50:36 PM GMT+8","Technical (e.g., software tester, web developer) (技术背景，例如软件测试人员，网页开发人员)1","5","5","Yes (是)","5"
"2024/07/14 1:50:47 PM GMT+8","Technical (e.g., software tester, web developer) (技术背景，例如软件测试人员，网页开发人员)1","5","5","Yes (是)","5"
"2024/07/14 1:50:57 PM GMT+8","Technical (e.g., software tester, web developer) (技术背景，例如软件测试人员，网页开发人员)1","5","5","Yes (是)","5"
"2024/07/14 1:51:07 PM GMT+8","Technical (e.g., software tester, web developer) (技术背景，例如软件测试人员，网页开发人员)1","5","5","Yes (是)","5"
"2024/07/14 1:51:19 PM GMT+8","Technical (e.g., software tester, web developer) (技术背景，例如软件测试人员，网页开发人员)1","5","5","Yes (是)","5"
"2024/07/14 1:51:32 PM GMT+8","Technical (e.g., software tester, web developer) (技术背景，例如软件测试人员，网页开发人员)1","5","5","Yes (是)","5"
"2024/07/14 1:51:48 PM GMT+8","Technical (e.g., software tester, web developer) (技术背景，例如软件测试人员，网页开发人员)1","5","5","Yes (是)","5"
"2024/07/14 1:52:06 PM GMT+8","Non-technical (e.g., regular web user) (非技术背景，例如普通网页用户)","5","5","Yes (是)","5"
"2024/07/14 1:52:21 PM GMT+8","Non-technical (e.g., regular web user) (非技术背景，例如普通网页用户)","5","5","Yes (是)","5"
"2024/07/14 1:52:35 PM GMT+8","Non-technical (e.g., regular web user) (非技术背景，例如普通网页用户)","5","5","Yes (是)","5"
"2024/07/14 1:52:47 PM GMT+8","Non-technical (e.g., regular web user) (非技术背景，例如普通网页用户)","5","5","Yes (是)","5"
"2024/07/14 1:52:57 PM GMT+8","Non-technical (e.g., regular web user) (非技术背景，例如普通网页用户)","5","5","Yes (是)","5"
"2024/07/14 1:53:10 PM GMT+8","Non-technical (e.g., regular web user) (非技术背景，例如普通网页用户)","5","5","Yes (是)","5"
"2024/07/14 1:53:24 PM GMT+8","Non-technical (e.g., regular web user) (非技术背景，例如普通网页用户)","5","5","Yes (是)","5"
"2024/07/14 1:53:38 PM GMT+8","Non-technical (e.g., regular web user) (非技术背景，例如普通网页用户)","5","5","Yes (是)","5"
"2024/07/14 1:53:48 PM GMT+8","Non-technical (e.g., regular web user) (非技术背景，例如普通网页用户)","5","5","Yes (是)","5"
"2024/07/14 1:54:00 PM GMT+8","Non-technical (e.g., regular web user) (非技术背景，例如普通网页用户)","5","5","Yes (是)","5"
"2024/07/14 1:54:13 PM GMT+8","Non-technical (e.g., regular web user) (非技术背景，例如普通网页用户)","5","5","Yes (是)","5"