"Timestamp","  Technical Background (您的背景)  ","On a scale of 1 to 5, how accurately does the generated intent describe the functionality of the web page? (在1到5的范围内，生成的意图在多大程度上准确描述了网页的功能？) ","  On a scale of 1 to 5, how clear and understandable is the generated intent? (在1到5的范围内，生成的意图在多大程度上清晰易懂？)  ","  Does the generated intent capture all key elements and functionalities of the web page? (生成的意图是否涵盖了网页的所有关键元素和功能？)  ","  On a scale of 1 to 5, how would you rate the overall quality of the generated intent? (在1到5的范围内，您如何评价生成的意图的整体质量？)  "
"2024/07/13 12:57:52 PM GMT+8","Technical (e.g., software tester, web developer) (技术背景，例如软件测试人员，网页开发人员)1","5","5","Yes (是)","5"
"2024/07/13 12:58:28 PM GMT+8","Technical (e.g., software tester, web developer) (技术背景，例如软件测试人员，网页开发人员)1","5","5","Yes (是)","5"
"2024/07/13 12:59:02 PM GMT+8","Technical (e.g., software tester, web developer) (技术背景，例如软件测试人员，网页开发人员)1","5","5","Yes (是)","5"
"2024/07/13 12:59:23 PM GMT+8","Technical (e.g., software tester, web developer) (技术背景，例如软件测试人员，网页开发人员)1","5","5","Yes (是)","5"
"2024/07/13 12:59:42 PM GMT+8","Technical (e.g., software tester, web developer) (技术背景，例如软件测试人员，网页开发人员)1","5","5","Yes (是)","5"
"2024/07/13 1:00:15 PM GMT+8","Technical (e.g., software tester, web developer) (技术背景，例如软件测试人员，网页开发人员)1","5","5","Yes (是)","5"
"2024/07/13 1:00:36 PM GMT+8","Non-technical (e.g., regular web user) (非技术背景，例如普通网页用户)","5","5","Yes (是)","5"
"2024/07/14 1:30:51 PM GMT+8","Technical (e.g., software tester, web developer) (技术背景，例如软件测试人员，网页开发人员)1","5","5","Yes (是)","5"
"2024/07/14 1:31:01 PM GMT+8","Technical (e.g., software tester, web developer) (技术背景，例如软件测试人员，网页开发人员)1","5","5","Yes (是)","5"
"2024/07/14 1:31:12 PM GMT+8","Technical (e.g., software tester, web developer) (技术背景，例如软件测试人员，网页开发人员)1","5","5","Yes (是)","5"
"2024/07/14 1:31:26 PM GMT+8","Technical (e.g., software tester, web developer) (技术背景，例如软件测试人员，网页开发人员)1","5","5","Yes (是)","5"
"2024/07/14 1:31:41 PM GMT+8","Technical (e.g., software tester, web developer) (技术背景，例如软件测试人员，网页开发人员)1","5","5","Yes (是)","5"
"2024/07/14 1:31:57 PM GMT+8","Technical (e.g., software tester, web developer) (技术背景，例如软件测试人员，网页开发人员)1","5","5","Yes (是)","5"
"2024/07/14 1:32:08 PM GMT+8","Technical (e.g., software tester, web developer) (技术背景，例如软件测试人员，网页开发人员)1","5","5","Yes (是)","5"
"2024/07/14 1:32:22 PM GMT+8","Technical (e.g., software tester, web developer) (技术背景，例如软件测试人员，网页开发人员)1","5","5","Yes (是)","5"
"2024/07/14 1:32:38 PM GMT+8","Technical (e.g., software tester, web developer) (技术背景，例如软件测试人员，网页开发人员)1","5","5","Yes (是)","5"
"2024/07/14 1:32:49 PM GMT+8","Technical (e.g., software tester, web developer) (技术背景，例如软件测试人员，网页开发人员)1","5","5","Yes (是)","5"
"2024/07/14 1:32:59 PM GMT+8","Technical (e.g., software tester, web developer) (技术背景，例如软件测试人员，网页开发人员)1","5","5","Yes (是)","5"
"2024/07/14 1:33:09 PM GMT+8","Technical (e.g., software tester, web developer) (技术背景，例如软件测试人员，网页开发人员)1","5","5","Yes (是)","5"
"2024/07/14 1:33:20 PM GMT+8","Technical (e.g., software tester, web developer) (技术背景，例如软件测试人员，网页开发人员)1","5","5","Yes (是)","5"
"2024/07/14 1:33:31 PM GMT+8","Technical (e.g., software tester, web developer) (技术背景，例如软件测试人员，网页开发人员)1","5","5","Yes (是)","5"
"2024/07/14 1:33:45 PM GMT+8","Technical (e.g., software tester, web developer) (技术背景，例如软件测试人员，网页开发人员)1","5","5","Yes (是)","5"
"2024/07/14 1:33:55 PM GMT+8","Technical (e.g., software tester, web developer) (技术背景，例如软件测试人员，网页开发人员)1","5","5","Yes (是)","5"
"2024/07/14 1:34:05 PM GMT+8","Technical (e.g., software tester, web developer) (技术背景，例如软件测试人员，网页开发人员)1","5","5","Yes (是)","5"
"2024/07/14 1:34:16 PM GMT+8","Technical (e.g., software tester, web developer) (技术背景，例如软件测试人员，网页开发人员)1","5","5","Yes (是)","5"
"2024/07/14 1:34:25 PM GMT+8","Technical (e.g., software tester, web developer) (技术背景，例如软件测试人员，网页开发人员)1","5","5","Yes (是)","5"
"2024/07/14 1:34:37 PM GMT+8","Technical (e.g., software tester, web developer) (技术背景，例如软件测试人员，网页开发人员)1","5","5","Yes (是)","5"
"2024/07/14 1:34:49 PM GMT+8","Technical (e.g., software tester, web developer) (技术背景，例如软件测试人员，网页开发人员)1","5","5","Yes (是)","5"
"2024/07/14 1:35:00 PM GMT+8","Technical (e.g., software tester, web developer) (技术背景，例如软件测试人员，网页开发人员)1","5","5","Yes (是)","5"
"2024/07/14 1:35:10 PM GMT+8","Technical (e.g., software tester, web developer) (技术背景，例如软件测试人员，网页开发人员)1","5","5","Yes (是)","5"
"2024/07/14 1:35:20 PM GMT+8","Technical (e.g., software tester, web developer) (技术背景，例如软件测试人员，网页开发人员)1","5","5","Yes (是)","5"
"2024/07/14 1:35:36 PM GMT+8","Technical (e.g., software tester, web developer) (技术背景，例如软件测试人员，网页开发人员)1","5","5","Yes (是)","5"
"2024/07/14 1:35:48 PM GMT+8","Technical (e.g., software tester, web developer) (技术背景，例如软件测试人员，网页开发人员)1","5","5","Yes (是)","5"
"2024/07/14 1:35:58 PM GMT+8","Technical (e.g., software tester, web developer) (技术背景，例如软件测试人员，网页开发人员)1","5","5","Yes (是)","5"
"2024/07/14 1:36:09 PM GMT+8","Technical (e.g., software tester, web developer) (技术背景，例如软件测试人员，网页开发人员)1","5","5","Yes (是)","5"
"2024/07/14 1:36:24 PM GMT+8","Technical (e.g., software tester, web developer) (技术背景，例如软件测试人员，网页开发人员)1","5","5","Yes (是)","5"
"2024/07/14 1:36:37 PM GMT+8","Non-technical (e.g., regular web user) (非技术背景，例如普通网页用户)","5","5","Yes (是)","5"
"2024/07/14 1:36:52 PM GMT+8","Non-technical (e.g., regular web user) (非技术背景，例如普通网页用户)","5","5","Yes (是)","5"
"2024/07/14 1:37:02 PM GMT+8","Non-technical (e.g., regular web user) (非技术背景，例如普通网页用户)","5","5","Yes (是)","5"
"2024/07/14 1:37:11 PM GMT+8","Non-technical (e.g., regular web user) (非技术背景，例如普通网页用户)","5","5","Yes (是)","5"
"2024/07/14 1:37:21 PM GMT+8","Non-technical (e.g., regular web user) (非技术背景，例如普通网页用户)","5","5","Yes (是)","5"
"2024/07/14 1:37:31 PM GMT+8","Non-technical (e.g., regular web user) (非技术背景，例如普通网页用户)","5","5","Yes (是)","5"
"2024/07/14 1:37:41 PM GMT+8","Non-technical (e.g., regular web user) (非技术背景，例如普通网页用户)","5","5","Yes (是)","5"
"2024/07/14 1:37:53 PM GMT+8","Non-technical (e.g., regular web user) (非技术背景，例如普通网页用户)","5","5","Yes (是)","5"
"2024/07/14 1:38:07 PM GMT+8","Non-technical (e.g., regular web user) (非技术背景，例如普通网页用户)","5","5","Yes (是)","5"
"2024/07/14 1:38:20 PM GMT+8","Non-technical (e.g., regular web user) (非技术背景，例如普通网页用户)","5","5","Yes (是)","5"
"2024/07/14 1:38:33 PM GMT+8","Non-technical (e.g., regular web user) (非技术背景，例如普通网页用户)","5","5","Yes (是)","5"
"2024/07/14 1:38:44 PM GMT+8","Non-technical (e.g., regular web user) (非技术背景，例如普通网页用户)","5","5","Yes (是)","5"
"2024/07/14 1:38:59 PM GMT+8","Non-technical (e.g., regular web user) (非技术背景，例如普通网页用户)","5","5","Yes (是)","5"
"2024/07/14 1:39:41 PM GMT+8","Non-technical (e.g., regular web user) (非技术背景，例如普通网页用户)","5","5","Yes (是)","5"