"Timestamp","  Technical Background (您的背景)  ","On a scale of 1 to 5, how accurately does the generated intent describe the functionality of the web page? (在1到5的范围内，生成的意图在多大程度上准确描述了网页的功能？) ","  On a scale of 1 to 5, how clear and understandable is the generated intent? (在1到5的范围内，生成的意图在多大程度上清晰易懂？)  ","  Does the generated intent capture all key elements and functionalities of the web page? (生成的意图是否涵盖了网页的所有关键元素和功能？)  ","  On a scale of 1 to 5, how would you rate the overall quality of the generated intent? (在1到5的范围内，您如何评价生成的意图的整体质量？)  "
"2024/07/13 1:02:15 PM GMT+8","Technical (e.g., software tester, web developer) (技术背景，例如软件测试人员，网页开发人员)1","5","5","Yes (是)","5"
"2024/07/13 1:02:33 PM GMT+8","Non-technical (e.g., regular web user) (非技术背景，例如普通网页用户)","5","5","Yes (是)","5"
"2024/07/13 1:02:52 PM GMT+8","Technical (e.g., software tester, web developer) (技术背景，例如软件测试人员，网页开发人员)1","5","5","Yes (是)","5"
"2024/07/13 1:03:21 PM GMT+8","Technical (e.g., software tester, web developer) (技术背景，例如软件测试人员，网页开发人员)1","5","5","Yes (是)","5"
"2024/07/13 1:03:54 PM GMT+8","Technical (e.g., software tester, web developer) (技术背景，例如软件测试人员，网页开发人员)1","5","5","Yes (是)","5"
"2024/07/13 1:04:07 PM GMT+8","Non-technical (e.g., regular web user) (非技术背景，例如普通网页用户)","5","5","Yes (是)","5"
"2024/07/13 1:04:31 PM GMT+8","Technical (e.g., software tester, web developer) (技术背景，例如软件测试人员，网页开发人员)1","5","5","Yes (是)","5"
"2024/07/13 1:04:58 PM GMT+8","Technical (e.g., software tester, web developer) (技术背景，例如软件测试人员，网页开发人员)1","5","5","Yes (是)","5"
"2024/07/13 1:40:39 PM GMT+8","Non-technical (e.g., regular web user) (非技术背景，例如普通网页用户)","5","5","Yes (是)","5"
"2024/07/13 1:40:58 PM GMT+8","Non-technical (e.g., regular web user) (非技术背景，例如普通网页用户)","5","5","Yes (是)","5"
"2024/07/13 1:41:16 PM GMT+8","Technical (e.g., software tester, web developer) (技术背景，例如软件测试人员，网页开发人员)1","5","5","Yes (是)","5"
"2024/07/13 1:41:35 PM GMT+8","Technical (e.g., software tester, web developer) (技术背景，例如软件测试人员，网页开发人员)1","5","5","Yes (是)","5"
"2024/07/13 1:41:52 PM GMT+8","Technical (e.g., software tester, web developer) (技术背景，例如软件测试人员，网页开发人员)1","5","5","Yes (是)","5"
"2024/07/13 1:42:13 PM GMT+8","Technical (e.g., software tester, web developer) (技术背景，例如软件测试人员，网页开发人员)1","5","5","Yes (是)","5"
"2024/07/13 1:42:32 PM GMT+8","Technical (e.g., software tester, web developer) (技术背景，例如软件测试人员，网页开发人员)1","5","5","Yes (是)","5"
"2024/07/13 1:42:51 PM GMT+8","Technical (e.g., software tester, web developer) (技术背景，例如软件测试人员，网页开发人员)1","4","5","Yes (是)","5"
"2024/07/13 1:43:08 PM GMT+8","Non-technical (e.g., regular web user) (非技术背景，例如普通网页用户)","5","5","Yes (是)","5"
"2024/07/13 1:43:31 PM GMT+8","Technical (e.g., software tester, web developer) (技术背景，例如软件测试人员，网页开发人员)1","5","5","Yes (是)","5"
"2024/07/13 1:43:54 PM GMT+8","Technical (e.g., software tester, web developer) (技术背景，例如软件测试人员，网页开发人员)1","5","5","Yes (是)","5"
"2024/07/13 1:44:11 PM GMT+8","Non-technical (e.g., regular web user) (非技术背景，例如普通网页用户)","5","4","Yes (是)","5"
"2024/07/13 1:44:29 PM GMT+8","Technical (e.g., software tester, web developer) (技术背景，例如软件测试人员，网页开发人员)1","5","5","Yes (是)","5"
"2024/07/13 1:44:45 PM GMT+8","Technical (e.g., software tester, web developer) (技术背景，例如软件测试人员，网页开发人员)1","5","5","Yes (是)","5"
"2024/07/13 1:45:00 PM GMT+8","Non-technical (e.g., regular web user) (非技术背景，例如普通网页用户)","5","5","Yes (是)","5"
"2024/07/14 1:12:10 PM GMT+8","Technical (e.g., software tester, web developer) (技术背景，例如软件测试人员，网页开发人员)1","5","5","Yes (是)","5"
"2024/07/14 1:12:26 PM GMT+8","Technical (e.g., software tester, web developer) (技术背景，例如软件测试人员，网页开发人员)1","5","5","Yes (是)","5"
"2024/07/14 1:12:36 PM GMT+8","Technical (e.g., software tester, web developer) (技术背景，例如软件测试人员，网页开发人员)1","5","5","Yes (是)","5"
"2024/07/14 1:12:47 PM GMT+8","Technical (e.g., software tester, web developer) (技术背景，例如软件测试人员，网页开发人员)1","5","5","Yes (是)","5"
"2024/07/14 1:12:58 PM GMT+8","Technical (e.g., software tester, web developer) (技术背景，例如软件测试人员，网页开发人员)1","5","5","Yes (是)","5"
"2024/07/14 1:13:09 PM GMT+8","Technical (e.g., software tester, web developer) (技术背景，例如软件测试人员，网页开发人员)1","5","5","Yes (是)","5"
"2024/07/14 1:13:20 PM GMT+8","Technical (e.g., software tester, web developer) (技术背景，例如软件测试人员，网页开发人员)1","5","5","Yes (是)","5"
"2024/07/14 1:13:30 PM GMT+8","Technical (e.g., software tester, web developer) (技术背景，例如软件测试人员，网页开发人员)1","5","5","Yes (是)","5"
"2024/07/14 1:13:39 PM GMT+8","Technical (e.g., software tester, web developer) (技术背景，例如软件测试人员，网页开发人员)1","5","5","Yes (是)","5"
"2024/07/14 1:13:49 PM GMT+8","Technical (e.g., software tester, web developer) (技术背景，例如软件测试人员，网页开发人员)1","5","5","Yes (是)","5"
"2024/07/14 1:13:59 PM GMT+8","Technical (e.g., software tester, web developer) (技术背景，例如软件测试人员，网页开发人员)1","5","5","Yes (是)","5"
"2024/07/14 1:14:09 PM GMT+8","Technical (e.g., software tester, web developer) (技术背景，例如软件测试人员，网页开发人员)1","5","5","Yes (是)","5"
"2024/07/14 1:14:19 PM GMT+8","Technical (e.g., software tester, web developer) (技术背景，例如软件测试人员，网页开发人员)1","5","5","Yes (是)","5"
"2024/07/14 1:14:30 PM GMT+8","Technical (e.g., software tester, web developer) (技术背景，例如软件测试人员，网页开发人员)1","5","5","Yes (是)","5"
"2024/07/14 1:14:40 PM GMT+8","Technical (e.g., software tester, web developer) (技术背景，例如软件测试人员，网页开发人员)1","5","5","Yes (是)","5"
"2024/07/14 1:14:59 PM GMT+8","Technical (e.g., software tester, web developer) (技术背景，例如软件测试人员，网页开发人员)1","5","5","Yes (是)","5"
"2024/07/14 1:15:13 PM GMT+8","Technical (e.g., software tester, web developer) (技术背景，例如软件测试人员，网页开发人员)1","5","5","Yes (是)","5"
"2024/07/14 1:15:23 PM GMT+8","Technical (e.g., software tester, web developer) (技术背景，例如软件测试人员，网页开发人员)1","5","5","Yes (是)","5"
"2024/07/14 1:15:34 PM GMT+8","Technical (e.g., software tester, web developer) (技术背景，例如软件测试人员，网页开发人员)1","5","5","Yes (是)","5"
"2024/07/14 1:15:46 PM GMT+8","Non-technical (e.g., regular web user) (非技术背景，例如普通网页用户)","5","5","Yes (是)","5"
"2024/07/14 1:15:56 PM GMT+8","Non-technical (e.g., regular web user) (非技术背景，例如普通网页用户)","5","5","Yes (是)","5"
"2024/07/14 1:16:06 PM GMT+8","Non-technical (e.g., regular web user) (非技术背景，例如普通网页用户)","5","5","Yes (是)","5"
"2024/07/14 1:16:15 PM GMT+8","Non-technical (e.g., regular web user) (非技术背景，例如普通网页用户)","5","5","Yes (是)","5"
"2024/07/14 1:16:25 PM GMT+8","Non-technical (e.g., regular web user) (非技术背景，例如普通网页用户)","5","5","Yes (是)","5"
"2024/07/14 1:16:34 PM GMT+8","Non-technical (e.g., regular web user) (非技术背景，例如普通网页用户)","5","5","Yes (是)","5"
"2024/07/14 1:16:44 PM GMT+8","Non-technical (e.g., regular web user) (非技术背景，例如普通网页用户)","5","5","Yes (是)","5"
"2024/07/14 1:16:56 PM GMT+8","Non-technical (e.g., regular web user) (非技术背景，例如普通网页用户)","5","5","Yes (是)","5"