"Timestamp","  Technical Background (您的背景)  ","On a scale of 1 to 5, how accurately does the generated intent describe the functionality of the web page? (在1到5的范围内，生成的意图在多大程度上准确描述了网页的功能？) ","  On a scale of 1 to 5, how clear and understandable is the generated intent? (在1到5的范围内，生成的意图在多大程度上清晰易懂？)  ","  Does the generated intent capture all key elements and functionalities of the web page? (生成的意图是否涵盖了网页的所有关键元素和功能？)  ","  On a scale of 1 to 5, how would you rate the overall quality of the generated intent? (在1到5的范围内，您如何评价生成的意图的整体质量？)  ",""
"2024/07/12 3:24:57 PM GMT+8","Technical (e.g., software tester, web developer) (技术背景，例如软件测试人员，网页开发人员)1","5","5","Yes (是)","5","Zain"
"2024/07/12 3:30:17 PM GMT+8","Technical (e.g., software tester, web developer) (技术背景，例如软件测试人员，网页开发人员)1","5","5","No (否)","4",""
"2024/07/13 1:05:20 PM GMT+8","Non-technical (e.g., regular web user) (非技术背景，例如普通网页用户)","5","5","Yes (是)","5",""
"2024/07/13 1:05:43 PM GMT+8","Non-technical (e.g., regular web user) (非技术背景，例如普通网页用户)","5","5","Yes (是)","5",""
"2024/07/13 1:34:28 PM GMT+8","Technical (e.g., software tester, web developer) (技术背景，例如软件测试人员，网页开发人员)1","5","5","Yes (是)","5",""
"2024/07/13 1:34:45 PM GMT+8","Technical (e.g., software tester, web developer) (技术背景，例如软件测试人员，网页开发人员)1","5","5","Yes (是)","5",""
"2024/07/13 1:35:01 PM GMT+8","Technical (e.g., software tester, web developer) (技术背景，例如软件测试人员，网页开发人员)1","5","5","Yes (是)","5",""
"2024/07/13 1:35:21 PM GMT+8","Technical (e.g., software tester, web developer) (技术背景，例如软件测试人员，网页开发人员)1","5","4","No (否)","4",""
"2024/07/13 1:35:39 PM GMT+8","Technical (e.g., software tester, web developer) (技术背景，例如软件测试人员，网页开发人员)1","5","5","Yes (是)","5",""
"2024/07/13 1:35:54 PM GMT+8","Technical (e.g., software tester, web developer) (技术背景，例如软件测试人员，网页开发人员)1","5","5","Yes (是)","5",""
"2024/07/13 1:36:08 PM GMT+8","Technical (e.g., software tester, web developer) (技术背景，例如软件测试人员，网页开发人员)1","5","5","Yes (是)","5",""
"2024/07/13 1:36:25 PM GMT+8","Technical (e.g., software tester, web developer) (技术背景，例如软件测试人员，网页开发人员)1","5","5","Yes (是)","5",""
"2024/07/13 1:36:43 PM GMT+8","Technical (e.g., software tester, web developer) (技术背景，例如软件测试人员，网页开发人员)1","5","5","Yes (是)","5",""
"2024/07/13 1:36:59 PM GMT+8","Technical (e.g., software tester, web developer) (技术背景，例如软件测试人员，网页开发人员)1","5","5","Yes (是)","5",""
"2024/07/13 1:37:14 PM GMT+8","Technical (e.g., software tester, web developer) (技术背景，例如软件测试人员，网页开发人员)1","5","5","Yes (是)","5",""
"2024/07/13 1:37:31 PM GMT+8","Technical (e.g., software tester, web developer) (技术背景，例如软件测试人员，网页开发人员)1","5","5","Yes (是)","5",""
"2024/07/13 1:37:46 PM GMT+8","Technical (e.g., software tester, web developer) (技术背景，例如软件测试人员，网页开发人员)1","5","5","Yes (是)","5",""
"2024/07/13 1:38:01 PM GMT+8","Technical (e.g., software tester, web developer) (技术背景，例如软件测试人员，网页开发人员)1","5","5","Yes (是)","5",""
"2024/07/13 1:38:20 PM GMT+8","Technical (e.g., software tester, web developer) (技术背景，例如软件测试人员，网页开发人员)1","5","5","Yes (是)","5",""
"2024/07/13 1:38:41 PM GMT+8","Non-technical (e.g., regular web user) (非技术背景，例如普通网页用户)","5","5","Yes (是)","5",""
"2024/07/13 1:38:57 PM GMT+8","Non-technical (e.g., regular web user) (非技术背景，例如普通网页用户)","5","5","Yes (是)","5",""
"2024/07/13 1:39:14 PM GMT+8","Non-technical (e.g., regular web user) (非技术背景，例如普通网页用户)","5","5","Yes (是)","5",""
"2024/07/13 1:39:34 PM GMT+8","Non-technical (e.g., regular web user) (非技术背景，例如普通网页用户)","5","5","Yes (是)","5",""
"2024/07/13 1:39:52 PM GMT+8","Non-technical (e.g., regular web user) (非技术背景，例如普通网页用户)","5","5","Yes (是)","5",""
"2024/07/14 12:15:58 AM GMT+8","Technical (e.g., software tester, web developer) (技术背景，例如软件测试人员，网页开发人员)1","5","5","Yes (是)","5",""
"2024/07/14 12:16:37 AM GMT+8","Technical (e.g., software tester, web developer) (技术背景，例如软件测试人员，网页开发人员)1","5","5","Yes (是)","5",""
"2024/07/14 12:16:52 AM GMT+8","Technical (e.g., software tester, web developer) (技术背景，例如软件测试人员，网页开发人员)1","5","5","Yes (是)","5",""
"2024/07/14 12:17:10 AM GMT+8","Technical (e.g., software tester, web developer) (技术背景，例如软件测试人员，网页开发人员)1","5","5","Yes (是)","5",""
"2024/07/14 12:17:28 AM GMT+8","Technical (e.g., software tester, web developer) (技术背景，例如软件测试人员，网页开发人员)1","5","5","Yes (是)","5",""
"2024/07/14 12:17:43 AM GMT+8","Technical (e.g., software tester, web developer) (技术背景，例如软件测试人员，网页开发人员)1","5","5","Yes (是)","5",""
"2024/07/14 12:17:57 AM GMT+8","Technical (e.g., software tester, web developer) (技术背景，例如软件测试人员，网页开发人员)1","5","5","Yes (是)","5",""
"2024/07/14 12:18:13 AM GMT+8","Technical (e.g., software tester, web developer) (技术背景，例如软件测试人员，网页开发人员)1","5","5","Yes (是)","5",""
"2024/07/14 12:18:33 AM GMT+8","Technical (e.g., software tester, web developer) (技术背景，例如软件测试人员，网页开发人员)1","5","5","Yes (是)","5",""
"2024/07/14 12:18:49 AM GMT+8","Technical (e.g., software tester, web developer) (技术背景，例如软件测试人员，网页开发人员)1","5","5","Yes (是)","5",""
"2024/07/14 12:19:08 AM GMT+8","Technical (e.g., software tester, web developer) (技术背景，例如软件测试人员，网页开发人员)1","5","5","Yes (是)","5",""
"2024/07/14 12:19:22 AM GMT+8","Technical (e.g., software tester, web developer) (技术背景，例如软件测试人员，网页开发人员)1","5","5","Yes (是)","5",""
"2024/07/14 12:19:38 AM GMT+8","Technical (e.g., software tester, web developer) (技术背景，例如软件测试人员，网页开发人员)1","5","5","Yes (是)","5",""
"2024/07/14 12:20:02 AM GMT+8","Technical (e.g., software tester, web developer) (技术背景，例如软件测试人员，网页开发人员)1","5","5","Yes (是)","5",""
"2024/07/14 12:20:18 AM GMT+8","Technical (e.g., software tester, web developer) (技术背景，例如软件测试人员，网页开发人员)1","5","5","Yes (是)","5",""
"2024/07/14 12:20:32 AM GMT+8","Technical (e.g., software tester, web developer) (技术背景，例如软件测试人员，网页开发人员)1","5","5","Yes (是)","5",""
"2024/07/14 12:20:46 AM GMT+8","Technical (e.g., software tester, web developer) (技术背景，例如软件测试人员，网页开发人员)1","5","5","Yes (是)","5",""
"2024/07/14 12:21:00 AM GMT+8","Technical (e.g., software tester, web developer) (技术背景，例如软件测试人员，网页开发人员)1","5","5","Yes (是)","5",""
"2024/07/14 12:21:14 AM GMT+8","Non-technical (e.g., regular web user) (非技术背景，例如普通网页用户)","5","5","Yes (是)","5",""
"2024/07/14 12:21:36 AM GMT+8","Non-technical (e.g., regular web user) (非技术背景，例如普通网页用户)","5","5","Yes (是)","5",""
"2024/07/14 12:21:54 AM GMT+8","Non-technical (e.g., regular web user) (非技术背景，例如普通网页用户)","5","5","Yes (是)","5",""
"2024/07/14 12:22:12 AM GMT+8","Non-technical (e.g., regular web user) (非技术背景，例如普通网页用户)","5","5","Yes (是)","5",""
"2024/07/14 12:22:29 AM GMT+8","Non-technical (e.g., regular web user) (非技术背景，例如普通网页用户)","5","5","Yes (是)","5",""
"2024/07/14 12:22:56 AM GMT+8","Non-technical (e.g., regular web user) (非技术背景，例如普通网页用户)","5","5","Yes (是)","5",""
"2024/07/14 12:23:11 AM GMT+8","Non-technical (e.g., regular web user) (非技术背景，例如普通网页用户)","5","5","Yes (是)","5",""
"2024/07/14 12:23:25 AM GMT+8","Non-technical (e.g., regular web user) (非技术背景，例如普通网页用户)","5","5","Yes (是)","5",""